-- MySQL dump 10.13  Distrib 8.0.34, for Win64 (x86_64)
--
-- Host: k10d209.p.ssafy.io    Database: ododoc
-- ------------------------------------------------------
-- Server version	8.0.36-0ubuntu0.20.04.1

/*!40101 SET @OLD_CHARACTER_SET_CLIENT=@@CHARACTER_SET_CLIENT */;
/*!40101 SET @OLD_CHARACTER_SET_RESULTS=@@CHARACTER_SET_RESULTS */;
/*!40101 SET @OLD_COLLATION_CONNECTION=@@COLLATION_CONNECTION */;
/*!50503 SET NAMES utf8 */;
/*!40103 SET @OLD_TIME_ZONE=@@TIME_ZONE */;
/*!40103 SET TIME_ZONE='+00:00' */;
/*!40014 SET @OLD_UNIQUE_CHECKS=@@UNIQUE_CHECKS, UNIQUE_CHECKS=0 */;
/*!40014 SET @OLD_FOREIGN_KEY_CHECKS=@@FOREIGN_KEY_CHECKS, FOREIGN_KEY_CHECKS=0 */;
/*!40101 SET @OLD_SQL_MODE=@@SQL_MODE, SQL_MODE='NO_AUTO_VALUE_ON_ZERO' */;
/*!40111 SET @OLD_SQL_NOTES=@@SQL_NOTES, SQL_NOTES=0 */;

--
-- Table structure for table `directory`
--

DROP TABLE IF EXISTS `directory`;
/*!40101 SET @saved_cs_client     = @@character_set_client */;
/*!50503 SET character_set_client = utf8mb4 */;
CREATE TABLE `directory` (
  `id` bigint NOT NULL AUTO_INCREMENT,
  `created_time` datetime(6) DEFAULT NULL,
  `deleted_time` datetime(6) DEFAULT NULL,
  `name` varchar(200) DEFAULT NULL,
  `trashbin_time` datetime(6) DEFAULT NULL,
  `type` enum('FOLDER','FILE') DEFAULT NULL,
  `member_id` int NOT NULL,
  `parent_id` bigint DEFAULT NULL,
  PRIMARY KEY (`id`),
  KEY `FKktal16umwm2xr1mo4hdaakn80` (`member_id`),
  KEY `FKeqcjnap90heiiqqfon2shtao0` (`parent_id`),
  CONSTRAINT `FKeqcjnap90heiiqqfon2shtao0` FOREIGN KEY (`parent_id`) REFERENCES `directory` (`id`),
  CONSTRAINT `FKktal16umwm2xr1mo4hdaakn80` FOREIGN KEY (`member_id`) REFERENCES `member` (`id`)
) ENGINE=InnoDB AUTO_INCREMENT=350 DEFAULT CHARSET=utf8mb4 COLLATE=utf8mb4_0900_ai_ci;
/*!40101 SET character_set_client = @saved_cs_client */;

--
-- Dumping data for table `directory`
--

LOCK TABLES `directory` WRITE;
/*!40000 ALTER TABLE `directory` DISABLE KEYS */;
INSERT INTO `directory` VALUES (1,'2024-05-08 16:20:24.212764',NULL,'주미의 정리 공간',NULL,'FOLDER',1,NULL),(2,'2024-05-08 16:21:50.538715',NULL,'준희님의 정리공간',NULL,'FOLDER',2,NULL),(3,'2024-05-08 16:22:30.295044',NULL,'99님의 정리공간',NULL,'FOLDER',3,NULL),(4,'2024-05-08 16:24:57.360690',NULL,'구미_2반_이준희님의 정리공간',NULL,'FOLDER',4,NULL),(5,'2024-05-08 16:31:26.441171',NULL,'김주이님의 정리공간',NULL,'FOLDER',5,NULL),(6,'2024-05-08 17:04:10.159632',NULL,'윤정영님의 정리공간',NULL,'FOLDER',6,NULL),(7,'2024-05-08 22:42:46.989763',NULL,'테스트 문서',NULL,'FILE',5,5),(8,'2024-05-09 12:18:26.740325','2024-05-12 17:27:43.645362','제발 되라..왜 수정되지','2024-05-12 16:43:51.489297','FOLDER',1,1),(9,'2024-05-09 12:32:58.494912','2024-05-12 17:19:17.932120','왜 바껴?','2024-05-12 17:13:52.627107','FOLDER',1,1),(10,'2024-05-09 12:34:35.945108',NULL,'임시22',NULL,'FOLDER',1,10),(11,'2024-05-09 12:55:29.476142',NULL,'ODODOC 프로젝트',NULL,'FOLDER',1,11),(12,'2024-05-09 12:57:53.506435',NULL,'DIET 101 프로젝트','2024-05-17 10:14:25.036549','FOLDER',1,1),(13,'2024-05-09 14:47:16.100725','2024-05-12 17:28:45.693922','임시5','2024-05-10 09:48:43.855157','FOLDER',1,1),(14,'2024-05-09 14:56:07.277039',NULL,'프론트 저장 테스트 문서',NULL,'FILE',5,5),(15,'2024-05-09 14:56:14.691596',NULL,'플러그인 저장 테스트 문서',NULL,'FILE',5,5),(16,'2024-05-09 16:53:31.060313',NULL,'현재님의 정리공간',NULL,'FOLDER',7,NULL),(17,'2024-05-10 09:25:44.856758','2024-05-12 17:28:42.575904','임시6','2024-05-10 09:47:44.367081','FOLDER',1,1),(18,'2024-05-10 09:50:30.821093','2024-05-12 17:28:39.867925','Diet 101 프로젝트','2024-05-12 16:59:55.129768','FOLDER',1,1),(19,'2024-05-10 09:53:10.131968','2024-05-14 10:00:42.638543','프로젝트 1','2024-05-14 10:00:38.507381','FOLDER',2,2),(20,'2024-05-10 09:53:16.013490','2024-05-14 10:00:42.638543','파일 1-1','2024-05-14 10:00:38.507381','FILE',2,19),(21,'2024-05-10 09:53:49.890317','2024-05-14 10:00:42.638543','프로젝트 1-1','2024-05-14 10:00:38.507381','FOLDER',2,19),(22,'2024-05-10 09:53:53.063895','2024-05-14 10:00:42.638543','파일 1-1-1','2024-05-14 10:00:38.507381','FILE',2,21),(23,'2024-05-10 09:56:56.022638','2024-05-14 10:00:42.638543','프로젝트 1-1-1','2024-05-14 10:00:38.507381','FOLDER',2,21),(24,'2024-05-10 09:58:23.982193','2024-05-14 10:00:42.638543','프로젝트 1-1-1-1','2024-05-14 10:00:38.507381','FOLDER',2,23),(25,'2024-05-10 10:02:08.895354','2024-05-14 10:00:45.625781','프로젝트 2','2024-05-14 10:00:36.072728','FOLDER',2,2),(26,'2024-05-10 10:02:11.219424','2024-05-14 10:00:45.625781','파일 2-1','2024-05-14 10:00:36.072728','FILE',2,25),(27,'2024-05-10 11:58:36.328390','2024-05-12 17:28:37.305811','vodle 프로젝트','2024-05-10 11:59:15.227377','FOLDER',1,1),(28,'2024-05-10 11:59:02.939953','2024-05-12 16:43:43.593206','냠냠 프로젝트','2024-05-10 11:59:11.642059','FOLDER',1,1),(29,'2024-05-10 12:54:09.950148',NULL,'VODLE 프로젝트','2024-05-17 10:14:25.036549','FOLDER',1,29),(30,'2024-05-10 12:56:34.979747','2024-05-12 17:28:34.643657','황찬준','2024-05-10 13:18:08.962798','FOLDER',1,1),(31,'2024-05-10 13:06:12.080143','2024-05-12 17:27:58.522822','임시 7','2024-05-10 13:18:07.750357','FOLDER',1,1),(32,'2024-05-10 13:17:55.149562','2024-05-12 17:27:55.574392','임시8','2024-05-10 13:18:06.626320','FOLDER',1,1),(33,'2024-05-10 13:39:11.444220','2024-05-12 17:28:31.030780','패스워드','2024-05-10 23:31:47.385632','FOLDER',1,1),(34,'2024-05-10 13:39:11.558051','2024-05-12 17:28:28.193566','패스워드','2024-05-10 13:39:31.128623','FOLDER',1,1),(35,'2024-05-10 13:43:40.974477','2024-05-12 17:28:25.315931','아이디','2024-05-10 23:31:43.124008','FOLDER',1,1),(36,'2024-05-10 13:56:34.758621','2024-05-12 17:28:21.664486','임시 8까지 왔다..','2024-05-10 16:22:30.792042','FOLDER',1,1),(37,'2024-05-10 14:08:38.594139','2024-05-14 10:00:48.348123','프로젝트 3','2024-05-14 10:00:32.627981','FOLDER',2,2),(38,'2024-05-10 14:30:28.988203','2024-05-14 10:00:42.638543','프로젝트 1-2','2024-05-14 10:00:37.255749','FOLDER',2,19),(39,'2024-05-10 14:30:36.399931','2024-05-14 10:00:42.638543','프로젝트 1-3','2024-05-14 10:00:02.786499','FOLDER',2,38),(40,'2024-05-10 14:31:16.642422','2024-05-14 10:00:42.638543','파일 1-3-1','2024-05-14 10:00:02.786499','FILE',2,39),(41,'2024-05-10 14:31:16.830734','2024-05-14 10:00:42.638543','파일 1-3-2','2024-05-14 10:00:02.786499','FILE',2,39),(42,'2024-05-10 14:31:16.983477','2024-05-14 10:00:42.638543','파일 1-3-3','2024-05-14 10:00:02.786499','FILE',2,39),(43,'2024-05-10 14:31:17.251227','2024-05-14 10:00:42.638543','파일 1-3-4','2024-05-14 10:00:02.786499','FILE',2,39),(44,'2024-05-10 14:54:09.561015','2024-05-12 17:27:43.645362','이주미','2024-05-12 16:43:51.489297','FOLDER',1,8),(45,'2024-05-10 14:58:22.473794','2024-05-12 17:27:43.645362','새 폴더','2024-05-12 16:43:51.489297','FOLDER',1,8),(46,'2024-05-10 15:00:34.433847','2024-05-12 17:19:17.932120','황찬준입니다당','2024-05-12 17:13:52.627107','FOLDER',1,9),(47,'2024-05-10 15:49:35.584808',NULL,'나의 정리공간',NULL,'FOLDER',8,NULL),(48,'2024-05-10 15:50:20.847555',NULL,'CSS',NULL,'FOLDER',6,6),(49,'2024-05-10 15:50:37.049974',NULL,'Java',NULL,'FOLDER',6,6),(50,'2024-05-10 15:50:42.399108',NULL,'SpringBoot',NULL,'FOLDER',6,48),(51,'2024-05-10 15:50:47.988315',NULL,'React',NULL,'FOLDER',6,6),(52,'2024-05-10 15:50:55.465550',NULL,'Vue','2024-05-14 15:26:39.450062','FOLDER',6,6),(53,'2024-05-10 16:35:01.410391','2024-05-14 10:00:48.348123','파일 3-1','2024-05-14 10:00:32.627981','FILE',2,37),(54,'2024-05-10 16:40:18.302455','2024-05-14 10:00:48.348123','파일 3-2','2024-05-14 10:00:32.627981','FILE',2,37),(55,'2024-05-10 16:40:49.700583','2024-05-14 10:00:48.348123','파일 3-3','2024-05-14 10:00:32.627981','FILE',2,37),(56,'2024-05-10 16:51:17.033108','2024-05-14 10:00:48.348123','파일 3-4','2024-05-14 10:00:32.627981','FILE',2,37),(57,'2024-05-10 16:51:19.658391','2024-05-14 10:00:48.348123','프로젝트 3-1','2024-05-14 10:00:32.627981','FOLDER',2,37),(58,'2024-05-10 16:51:21.259563','2024-05-14 10:00:48.348123','파일 3-1-1','2024-05-14 10:00:32.627981','FILE',2,57),(59,'2024-05-10 17:50:21.723038',NULL,'빈 파일 테스트 ',NULL,'FILE',5,5),(60,'2024-05-10 20:46:06.457595','2024-05-17 03:31:05.050425','새 폴더','2024-05-13 14:54:14.167219','FOLDER',8,47),(61,'2024-05-10 20:48:25.299151',NULL,'새 폴더',NULL,'FOLDER',6,61),(62,'2024-05-10 20:49:45.951668','2024-05-12 17:27:43.645362','하위폴더','2024-05-12 16:43:51.489297','FOLDER',1,8),(63,'2024-05-10 21:16:18.765725','2024-05-12 17:27:43.645362','하위 디렉토리 1','2024-05-12 16:43:51.489297','FOLDER',1,44),(64,'2024-05-10 22:33:11.417299','2024-05-12 17:19:17.932120','앙앙 프로젝트','2024-05-12 17:13:52.627107','FOLDER',1,9),(65,'2024-05-10 22:45:04.705816','2024-05-12 17:19:17.932120','이주미','2024-05-12 17:13:52.627107','FOLDER',1,9),(66,'2024-05-10 22:50:50.501049','2024-05-12 17:19:17.932120','새폴더입니다','2024-05-12 17:13:52.627107','FOLDER',1,9),(67,'2024-05-10 22:53:32.486242',NULL,'황찬준님의 정리공간',NULL,'FOLDER',9,NULL),(68,'2024-05-10 23:31:17.284616','2024-05-12 17:19:17.932120','테스트','2024-05-12 17:13:52.627107','FOLDER',1,9),(69,'2024-05-11 00:21:11.828649','2024-05-12 17:19:17.932120','아 왜 안될까 ...','2024-05-12 17:13:52.627107','FOLDER',1,9),(70,'2024-05-11 00:25:37.884521','2024-05-12 17:19:17.932120','이래도 들어가나요','2024-05-12 17:13:52.627107','FOLDER',1,9),(71,'2024-05-11 00:27:33.470977','2024-05-12 17:19:17.932120','이렇게 해도 된다면?','2024-05-12 17:13:52.627107','FOLDER',1,9),(72,'2024-05-11 00:28:57.891532','2024-05-12 17:19:17.932120','하위에 하위도 수정가능','2024-05-12 17:13:52.627107','FOLDER',1,46),(73,'2024-05-11 00:31:06.433239','2024-05-12 17:19:17.932120','이래도 되는지 궁금햐','2024-05-12 17:13:52.627107','FOLDER',1,9),(74,'2024-05-11 00:33:35.451429',NULL,'우왕','2024-05-19 21:31:43.644349','FOLDER',8,47),(75,'2024-05-11 00:33:40.066928','2024-05-13 14:53:35.517363','내꺼당','2024-05-11 03:08:06.397493','FOLDER',8,47),(76,'2024-05-11 00:52:55.822087','2024-05-12 17:19:17.932120','미치겠다','2024-05-12 17:13:52.627107','FOLDER',1,9),(77,'2024-05-11 01:00:53.237817','2024-05-12 17:19:17.932120','룰루랄라','2024-05-12 17:13:52.627107','FOLDER',1,9),(78,'2024-05-11 01:36:19.761491','2024-05-12 17:19:17.932120','하위에 하위','2024-05-12 17:13:52.627107','FOLDER',1,64),(79,'2024-05-11 01:36:25.873664','2024-05-12 17:19:17.932120','하위에 하위는 바로 삭제 안돼?','2024-05-12 17:13:52.627107','FOLDER',1,64),(80,'2024-05-11 01:38:18.996626','2024-05-12 17:19:17.932120','테스트 1','2024-05-12 17:13:52.627107','FOLDER',1,73),(81,'2024-05-11 01:38:24.984537','2024-05-12 17:19:17.932120','테스트 2','2024-05-12 17:13:52.627107','FOLDER',1,73),(82,'2024-05-11 03:43:41.775439','2024-05-17 03:31:08.648694','하하ㅏㅎ','2024-05-11 03:44:35.344066','FOLDER',8,47),(83,'2024-05-11 03:44:47.819462',NULL,'real','2024-05-19 21:31:44.901804','FOLDER',8,47),(84,'2024-05-11 06:48:29.603892',NULL,'여긴 감지가 되는데?',NULL,'FOLDER',1,10),(85,'2024-05-11 08:06:18.818269','2024-05-12 17:19:17.932120','파일 첫 추가 1','2024-05-12 17:13:52.627107','FILE',1,9),(86,'2024-05-11 08:06:50.969157','2024-05-12 17:19:17.932120','파일 테스트 수정도 돼','2024-05-12 17:13:52.627107','FILE',1,73),(87,'2024-05-11 08:07:21.740538','2024-05-12 17:19:17.932120','아빠','2024-05-12 17:13:52.627107','FILE',1,64),(88,'2024-05-11 08:08:55.615631','2024-05-12 17:19:17.932120','폴더에 폴더도 되나?','2024-05-12 17:13:52.627107','FILE',1,80),(89,'2024-05-11 08:48:34.779145','2024-05-12 17:19:17.932120','와우.. 토글 된다','2024-05-12 17:13:52.627107','FOLDER',1,9),(90,'2024-05-11 08:49:33.772862','2024-05-12 17:19:17.932120','새 폴더','2024-05-12 17:13:52.627107','FOLDER',1,65),(91,'2024-05-11 08:55:46.251248','2024-05-12 17:19:17.932120','하하','2024-05-12 17:13:52.627107','FOLDER',1,9),(92,'2024-05-11 08:55:59.850916','2024-05-12 17:19:17.932120','오케이 됐다','2024-05-12 17:13:52.627107','FOLDER',1,9),(93,'2024-05-11 09:27:35.677877',NULL,'최상위 폴더',NULL,'FOLDER',1,93),(94,'2024-05-11 09:27:47.451410','2024-05-12 17:27:40.376103','최상위 폴더의 하위 폴더','2024-05-12 17:27:36.696597','FOLDER',1,93),(95,'2024-05-11 09:27:54.941249',NULL,'2024-05-12',NULL,'FILE',1,93),(96,'2024-05-11 09:58:09.015617','2024-05-12 17:27:47.141877','테스트','2024-05-12 16:59:50.110342','FOLDER',1,1),(97,'2024-05-11 09:58:13.768262','2024-05-12 17:27:47.141877','폴더 추가한다','2024-05-12 16:59:50.110342','FOLDER',1,110),(98,'2024-05-11 10:02:04.436989','2024-05-12 17:28:17.799989','다시 테스트','2024-05-12 16:04:13.298058','FOLDER',1,1),(99,'2024-05-11 10:02:09.264457',NULL,'제발 되면 좋겠다',NULL,'FOLDER',1,102),(100,'2024-05-11 10:02:14.067492','2024-05-12 17:28:17.799989','이것도 되라...','2024-05-12 14:51:47.868471','FILE',1,98),(101,'2024-05-11 10:03:21.032757',NULL,'유후',NULL,'FOLDER',1,101),(102,'2024-05-11 10:03:27.824231',NULL,'됐당 아싸',NULL,'FOLDER',1,101),(103,'2024-05-11 10:03:31.456896','2024-05-12 17:28:13.077506','이것도 되쥬','2024-05-12 15:11:07.734146','FILE',1,102),(104,'2024-05-11 10:03:34.999551',NULL,'이거 또되쥬',NULL,'FOLDER',1,102),(105,'2024-05-11 10:03:38.710055',NULL,'얄루 ㅋㅋ',NULL,'FILE',1,104),(106,'2024-05-11 21:43:42.584507','2024-05-12 17:19:17.932120','하위에','2024-05-12 17:13:52.627107','FOLDER',1,91),(107,'2024-05-11 21:43:46.662539','2024-05-12 17:19:17.932120','하위에','2024-05-12 17:13:52.627107','FOLDER',1,106),(108,'2024-05-11 21:43:52.019609','2024-05-12 17:19:17.932120','하위','2024-05-12 17:13:52.627107','FOLDER',1,107),(109,'2024-05-11 21:45:23.122961','2024-05-12 17:27:40.376103','하나더?','2024-05-12 17:27:36.696597','FOLDER',1,94),(110,'2024-05-11 21:45:51.097644','2024-05-12 17:27:47.141877','하나더?','2024-05-12 16:59:50.110342','FOLDER',1,96),(111,'2024-05-12 07:59:35.909501','2024-05-12 17:19:17.932120','생성은 잘돼','2024-05-12 17:13:52.627107','FOLDER',1,91),(112,'2024-05-12 09:56:41.976626','2024-05-12 17:28:07.857384','최종 테스트 한다','2024-05-12 14:51:37.416670','FOLDER',1,1),(113,'2024-05-12 09:56:47.844048','2024-05-12 17:28:07.857384','일단 폴더 생성 되고','2024-05-12 14:51:37.416670','FOLDER',1,112),(114,'2024-05-12 09:56:52.321576','2024-05-12 17:28:07.857384','파일도 생성된다','2024-05-12 14:51:37.416670','FILE',1,112),(115,'2024-05-12 09:56:57.470321','2024-05-12 17:28:07.857384','하위에 하위도 가능','2024-05-12 14:51:37.416670','FOLDER',1,113),(116,'2024-05-12 14:48:28.731105','2024-05-12 17:28:04.576331','ㄴㄴㄴ','2024-05-12 14:51:35.247622','FOLDER',1,1),(117,'2024-05-12 14:53:03.069875',NULL,'새로운 파일',NULL,'FILE',1,104),(118,'2024-05-12 14:55:08.234856','2024-05-12 17:27:50.869528',' ㅌ','2024-05-12 15:11:03.650167','FILE',1,99),(119,'2024-05-12 14:56:17.303368',NULL,'이주미미미',NULL,'FILE',1,93),(120,'2024-05-12 15:46:03.542144','2024-05-12 17:27:47.141877','하나 추가해서','2024-05-12 16:59:50.110342','FOLDER',1,110),(121,'2024-05-12 15:46:08.474125','2024-05-12 17:27:47.141877','하위 파일을 만들었죠','2024-05-12 16:59:50.110342','FILE',1,120),(122,'2024-05-12 17:00:15.200660',NULL,'내 폴더지롱',NULL,'FOLDER',8,122),(123,'2024-05-12 17:00:30.421197',NULL,'내 폴더지롱롱이','2024-05-12 17:07:17.749654','FOLDER',8,47),(124,'2024-05-12 17:00:35.375425',NULL,'허허허','2024-05-12 17:07:17.749654','FOLDER',8,123),(125,'2024-05-12 18:20:49.338914',NULL,'hello','2024-05-19 21:24:29.082842','FOLDER',7,16),(126,'2024-05-12 18:20:58.163997',NULL,'저장이 됐나요?gggg굳ㅎㅎ','2024-05-19 21:24:29.082842','FILE',7,125),(127,'2024-05-12 19:20:57.703835',NULL,'2024-05-1222','2024-05-19 21:24:29.082842','FILE',7,125),(128,'2024-05-12 20:36:09.796511',NULL,'내폴더에용',NULL,'FOLDER',8,122),(129,'2024-05-12 21:35:22.004834','2024-05-14 10:00:51.262963','아까는 왜 되지 않았습니까','2024-05-14 10:00:24.985817','FOLDER',2,2),(130,'2024-05-12 21:35:39.711514','2024-05-14 10:00:56.072962','골치아픈거 걸렸네요','2024-05-14 10:00:30.191408','FOLDER',2,2),(131,'2024-05-12 21:50:11.011220','2024-05-14 10:00:56.072962','아주 좋소!','2024-05-14 10:00:30.191408','FILE',2,130),(132,'2024-05-12 22:19:55.955667','2024-05-14 10:00:56.072962','잘된거네!','2024-05-14 10:00:30.191408','FILE',2,130),(133,'2024-05-12 22:47:13.005217',NULL,'새 폴더','2024-05-13 14:40:26.473052','FOLDER',8,47),(134,'2024-05-12 23:01:23.062597','2024-05-14 10:00:58.587552','뭐야 된거야?','2024-05-14 10:00:31.575194','FOLDER',2,2),(135,'2024-05-12 23:22:29.352455','2024-05-14 10:00:58.587552','잘되었다!','2024-05-14 10:00:31.575194','FOLDER',2,134),(136,'2024-05-12 23:23:27.204724','2024-05-14 10:00:58.587552','아이간?','2024-05-14 10:00:31.575194','FILE',2,135),(137,'2024-05-12 23:46:46.482573',NULL,'새 폴더','2024-05-13 14:40:24.717209','FOLDER',8,47),(138,'2024-05-13 10:27:18.560420',NULL,'플러그인 저장 테스트 문서',NULL,'FILE',5,5),(139,'2024-05-13 14:39:53.370182',NULL,'하하하','2024-05-13 14:40:23.652055','FOLDER',8,47),(140,'2024-05-13 14:39:59.520961',NULL,'하하하','2024-05-13 14:54:26.058346','FOLDER',8,47),(141,'2024-05-13 14:40:20.852533',NULL,'진짜인가','2024-05-19 21:31:44.901804','FILE',8,145),(142,'2024-05-13 14:53:47.078673',NULL,'진짜인가??dd','2024-05-19 21:31:44.901804','FOLDER',8,83),(143,'2024-05-13 14:53:57.395861',NULL,'미칬다','2024-05-17 03:30:58.658747','FILE',8,142),(144,'2024-05-13 14:54:05.284194',NULL,'지대로네','2024-05-17 03:30:56.712747','FILE',8,74),(145,'2024-05-13 14:56:04.321371',NULL,'새나라의 어린이','2024-05-19 21:31:44.901804','FOLDER',8,142),(146,'2024-05-13 19:57:39.216538',NULL,'css 면접 대비',NULL,'FILE',6,48),(147,'2024-05-13 19:57:48.658979',NULL,'자바 공부중',NULL,'FILE',6,49),(148,'2024-05-13 20:00:01.208125',NULL,'05-15 트러블 슈팅',NULL,'FILE',6,50),(149,'2024-05-13 20:00:08.658858',NULL,'05-16 트러블 슈팅',NULL,'FILE',6,50),(150,'2024-05-14 10:01:10.231774','2024-05-17 14:24:13.926504','프로젝트 1','2024-05-17 14:23:13.608873','FOLDER',2,2),(151,'2024-05-14 10:01:20.273206','2024-05-17 14:24:13.926504','파일 1','2024-05-17 14:23:13.608873','FILE',2,150),(152,'2024-05-14 14:25:53.573227',NULL,'2024-05-13','2024-05-17 10:14:23.513510','FILE',1,12),(153,'2024-05-14 14:25:59.616511','2024-05-17 09:16:29.121555','2024-05-16','2024-05-16 16:30:35.501869','FILE',1,29),(154,'2024-05-14 15:26:16.935049',NULL,'새 폴더',NULL,'FOLDER',6,154),(155,'2024-05-14 15:27:29.293092',NULL,'새 폴더',NULL,'FOLDER',6,6),(156,'2024-05-15 16:11:01.517055','2024-05-15 16:11:17.199678','새 폴더','2024-05-15 16:11:03.947785','FOLDER',2,2),(157,'2024-05-15 16:11:10.148233','2024-05-17 14:24:13.926504','프로젝트 2','2024-05-17 14:23:13.608873','FOLDER',2,150),(158,'2024-05-16 01:41:07.644745','2024-05-17 13:27:01.670136','새 폴더','2024-05-17 09:21:43.685799','FOLDER',1,1),(159,'2024-05-16 01:41:59.358181','2024-05-17 09:11:11.918899','ㅇ','2024-05-16 02:20:51.952852','FOLDER',1,1),(160,'2024-05-16 01:42:01.629782','2024-05-17 09:19:46.746568','ㅇㅇ','2024-05-16 02:20:50.639572','FOLDER',1,1),(161,'2024-05-16 01:42:02.523306','2024-05-17 09:19:45.531128','ㅇㅇ','2024-05-16 02:20:49.573199','FOLDER',1,1),(162,'2024-05-16 01:42:03.096016','2024-05-17 09:16:42.796150','ㅇㅇ','2024-05-16 01:42:27.642258','FOLDER',1,1),(163,'2024-05-16 01:42:03.565055','2024-05-17 09:19:44.453821','ㅇㅇ','2024-05-16 01:42:24.096683','FOLDER',1,1),(164,'2024-05-16 01:42:04.004201','2024-05-17 09:16:37.155169','ㅇㅇ','2024-05-16 01:42:23.022874','FOLDER',1,1),(165,'2024-05-16 01:42:04.356570','2024-05-17 09:16:39.680524','ㅇㅇ','2024-05-16 01:42:21.832343','FOLDER',1,1),(166,'2024-05-16 01:42:04.636860','2024-05-17 09:16:46.419461','ㅇㅇ','2024-05-16 01:42:25.188853','FOLDER',1,1),(167,'2024-05-16 01:42:04.860419','2024-05-17 09:16:55.833678','ㅇㅇ','2024-05-16 01:42:28.828882','FOLDER',1,1),(168,'2024-05-16 01:42:05.098829','2024-05-17 09:16:49.832285','ㅇㅇ','2024-05-16 01:42:29.864838','FOLDER',1,1),(169,'2024-05-16 01:42:05.337775','2024-05-17 09:16:53.057954','ㅇㅇ','2024-05-16 02:20:45.847079','FOLDER',1,1),(170,'2024-05-16 01:42:05.568770','2024-05-17 09:16:58.382634','ㅇㅇ','2024-05-16 01:42:32.916392','FOLDER',1,1),(171,'2024-05-16 01:42:05.815155','2024-05-17 09:17:01.075463','ㅇㅇ','2024-05-16 02:20:42.183919','FOLDER',1,1),(172,'2024-05-16 01:42:06.114990','2024-05-17 09:17:05.145642','ㅇㅇ','2024-05-16 02:20:43.582545','FOLDER',1,1),(173,'2024-05-16 01:42:06.532372','2024-05-17 09:16:33.101075','ㅇㅇ','2024-05-16 01:42:30.951029','FOLDER',1,1),(174,'2024-05-16 01:42:09.455521','2024-05-17 09:17:07.941464','ㅇㅇ','2024-05-16 01:42:32.059190','FOLDER',1,1),(175,'2024-05-16 01:43:01.314609','2024-05-17 09:17:14.100853','ㄷ','2024-05-16 02:20:38.643512','FOLDER',1,1),(176,'2024-05-16 01:43:04.193580','2024-05-17 09:19:39.381736','ㄷ','2024-05-16 02:20:37.454801','FOLDER',1,1),(177,'2024-05-16 01:43:05.676560','2024-05-17 09:19:07.356662','ㄷ','2024-05-16 02:20:40.075481','FOLDER',1,1),(178,'2024-05-16 01:43:08.406702','2024-05-17 09:19:13.163708','ㄷㅑㅑ','2024-05-16 01:43:56.529224','FOLDER',1,1),(179,'2024-05-16 01:43:10.884544','2024-05-17 09:19:34.780593','ㄷㅑㅑㅐㅣㅓ4','2024-05-16 01:43:55.326538','FOLDER',1,1),(180,'2024-05-16 01:43:12.914524','2024-05-17 09:19:31.320322','ㄷㅑㅑㅐㅣ','2024-05-16 01:43:54.093725','FOLDER',1,1),(181,'2024-05-16 01:43:14.517871','2024-05-17 09:19:37.508813','ㄷㅑ','2024-05-16 02:20:41.186928','FOLDER',1,1),(182,'2024-05-16 01:43:15.676896','2024-05-17 09:19:40.640564','ㄷ','2024-05-16 02:20:44.762843','FOLDER',1,1),(183,'2024-05-16 01:43:18.401798','2024-05-17 09:19:41.796943','ㄹ','2024-05-16 02:20:48.468386','FOLDER',1,1),(184,'2024-05-16 01:47:25.545235','2024-05-17 09:19:43.207992','ㄹ','2024-05-16 02:20:47.397612','FOLDER',1,1),(185,'2024-05-16 01:47:28.766689','2024-05-17 13:27:00.799764','자꾸 ','2024-05-17 09:22:36.994606','FOLDER',1,186),(186,'2024-05-16 01:47:33.470560','2024-05-17 13:27:00.799764','자꾸 생성한다','2024-05-17 09:22:36.994606','FOLDER',1,1),(187,'2024-05-16 01:47:54.519961','2024-05-17 09:19:27.491618','자꾸 생성한다 엄청 길게 적게 되면 어떻게 될까>???','2024-05-16 02:20:54.464888','FOLDER',1,1),(188,'2024-05-16 01:51:53.548074','2024-05-17 13:27:00.799764','생성한다고','2024-05-17 09:22:36.994606','FOLDER',1,186),(189,'2024-05-16 09:30:53.847287',NULL,'임시2의 2',NULL,'FOLDER',1,10),(190,'2024-05-16 10:45:31.176923','2024-05-17 14:24:13.926504','프로젝트 2','2024-05-17 14:23:13.608873','FOLDER',2,190),(191,'2024-05-16 10:46:13.977821','2024-05-17 14:24:13.926504','파일 3','2024-05-17 14:23:13.608873','FILE',2,157),(192,'2024-05-16 16:30:38.587992',NULL,'2024-05-16',NULL,'FILE',1,11),(193,'2024-05-16 16:30:47.875033','2024-05-17 13:27:01.670136','안녕','2024-05-17 09:21:43.685799','FILE',1,158),(194,'2024-05-16 16:42:14.452800','2024-05-17 09:19:23.626624','ㄴㅇㄹㄴ\\','2024-05-17 09:19:19.741637','FOLDER',1,1),(195,'2024-05-17 01:09:36.851309',NULL,'윤정영님의 정리공간',NULL,'FOLDER',10,NULL),(196,'2024-05-17 01:13:07.240009',NULL,'윤정영님의 정리공간',NULL,'FOLDER',11,NULL),(197,'2024-05-17 03:32:00.319324',NULL,'공간','2024-05-19 21:31:46.570700','FOLDER',8,47),(198,'2024-05-17 03:32:12.489126',NULL,'메모메로','2024-05-19 21:31:46.570700','FILE',8,197),(199,'2024-05-17 09:08:42.780344',NULL,'2024-05-17',NULL,'FILE',1,11),(200,'2024-05-17 09:22:17.085753',NULL,'밀정윷놀이 프로젝트','2024-05-17 10:14:15.233072','FOLDER',1,12),(201,'2024-05-17 09:55:55.263116',NULL,'아이아이','2024-05-19 21:31:46.570700','FILE',8,197),(203,'2024-05-17 10:09:01.183744',NULL,'2024-05-17',NULL,'FILE',5,5),(204,'2024-05-17 10:14:33.348979',NULL,'ODODOC 프로젝트',NULL,'FOLDER',1,1),(205,'2024-05-17 10:14:37.313892','2024-05-19 23:32:48.512118','파일 1','2024-05-17 17:56:34.737293','FILE',1,204),(206,'2024-05-17 10:14:40.343102','2024-05-19 23:32:47.488808','파일 2','2024-05-17 17:56:33.068925','FILE',1,204),(207,'2024-05-17 10:14:48.653887',NULL,'파일 3','2024-05-17 13:38:39.539647','FILE',1,204),(208,'2024-05-17 10:15:01.325803',NULL,'VODLE 프로젝트',NULL,'FOLDER',1,1),(209,'2024-05-17 10:15:04.071108','2024-05-17 13:26:59.868550','VODLE 프로젝트','2024-05-17 10:15:07.197447','FOLDER',1,1),(210,'2024-05-17 10:15:29.727008','2024-05-17 13:26:56.658352','새 폴더','2024-05-17 10:15:31.776439','FOLDER',1,208),(211,'2024-05-17 10:15:34.586209',NULL,'파일 1',NULL,'FILE',1,208),(212,'2024-05-17 10:15:41.483561',NULL,'파일 2',NULL,'FILE',1,208),(213,'2024-05-17 10:57:55.938489',NULL,'아자아자',NULL,'FOLDER',1,213),(214,'2024-05-17 11:12:59.768713','2024-05-19 23:32:45.422820','파일 4','2024-05-17 13:38:38.132798','FILE',1,204),(215,'2024-05-17 12:19:46.572164',NULL,'2024-05-17',NULL,'FILE',2,2),(216,'2024-05-17 13:13:00.534622',NULL,'새 폴더','2024-05-19 21:24:30.515065','FOLDER',7,218),(217,'2024-05-17 13:13:04.971334',NULL,'새파일','2024-05-19 21:24:29.082842','FILE',7,125),(218,'2024-05-17 13:14:47.402353',NULL,'새 폴더','2024-05-19 21:24:30.515065','FOLDER',7,16),(219,'2024-05-17 13:14:51.733804',NULL,'새파일2','2024-05-19 21:24:29.082842','FILE',7,125),(220,'2024-05-17 13:19:10.553657',NULL,'새파일3','2024-05-19 21:24:29.082842','FILE',7,125),(221,'2024-05-17 13:21:34.770715',NULL,'수정되나요','2024-05-19 15:45:02.568316','FILE',7,125),(222,'2024-05-17 13:24:14.334007',NULL,'화이팅하자',NULL,'FOLDER',1,204),(223,'2024-05-17 13:24:18.181998',NULL,'우리팀 화이팅','2024-05-20 00:22:38.317651','FOLDER',1,1),(224,'2024-05-17 13:24:22.129611',NULL,'폴더 생성','2024-05-20 00:22:34.390305','FOLDER',1,223),(225,'2024-05-17 13:24:25.894144',NULL,'문제없고','2024-05-20 00:22:35.612487','FOLDER',1,223),(226,'2024-05-17 13:24:35.642472',NULL,'파일 1',NULL,'FILE',1,213),(227,'2024-05-17 13:24:38.509495',NULL,'파일 2',NULL,'FILE',1,213),(228,'2024-05-17 13:26:09.574219',NULL,'테스트 문서','2024-05-19 21:24:31.719692','FILE',7,16),(229,'2024-05-17 13:26:45.256180','2024-05-17 13:26:54.204218','새로','2024-05-17 13:26:49.754829','FOLDER',1,1),(230,'2024-05-17 13:26:47.418412','2024-05-17 13:26:55.607490','된다','2024-05-17 13:26:51.336163','FOLDER',1,1),(231,'2024-05-17 13:33:40.588524','2024-05-19 23:32:43.782843','파일 5','2024-05-17 13:38:36.272810','FILE',1,204),(232,'2024-05-17 13:34:45.846633',NULL,'테스트 문서2','2024-05-19 21:24:32.897668','FOLDER',7,16),(233,'2024-05-17 13:34:51.481539',NULL,'ㅎㅇㅎㅇ','2024-05-19 21:24:32.897668','FILE',7,232),(234,'2024-05-17 13:36:37.297685','2024-05-19 23:32:42.281303','파일 6','2024-05-17 13:38:35.128313','FILE',1,204),(235,'2024-05-17 13:36:59.355131',NULL,'ㅎㅇㅎㅇ2','2024-05-19 21:24:32.897668','FILE',7,232),(236,'2024-05-17 13:38:01.006139','2024-05-19 23:32:41.107873','파일 7','2024-05-17 13:38:34.095108','FILE',1,204),(237,'2024-05-17 13:38:09.842292','2024-05-19 23:32:40.052935','파일 8','2024-05-17 13:38:32.861117','FILE',1,204),(238,'2024-05-17 13:38:17.995433','2024-05-19 23:32:38.457917','파일 9','2024-05-17 13:38:31.717798','FILE',1,204),(239,'2024-05-17 13:38:26.351976','2024-05-19 23:32:37.276841','파일 10','2024-05-17 13:38:30.360048','FILE',1,204),(240,'2024-05-17 13:41:04.755656','2024-05-19 23:32:32.832443','파일 3','2024-05-17 15:16:58.953921','FILE',1,223),(241,'2024-05-17 13:42:15.909410',NULL,'2024-05-17',NULL,'FILE',1,222),(242,'2024-05-17 13:44:01.624923','2024-05-17 14:24:13.926504','2024-05-17','2024-05-17 14:23:13.608873','FILE',2,150),(243,'2024-05-17 13:52:35.941120',NULL,'새파일5','2024-05-19 21:24:30.515065','FILE',7,218),(244,'2024-05-17 13:53:49.419895','2024-05-17 14:24:13.926504','테스트1','2024-05-17 14:23:13.608873','FILE',2,150),(245,'2024-05-17 13:55:33.567614','2024-05-19 23:32:34.478897','파일 3','2024-05-17 17:56:31.647123','FILE',1,204),(246,'2024-05-17 13:55:39.778895','2024-05-17 14:24:26.134499','테스트','2024-05-17 14:24:22.636821','FOLDER',2,2),(247,'2024-05-17 13:55:43.243807','2024-05-19 23:32:35.652000','파일 4','2024-05-17 17:56:30.699666','FILE',1,204),(248,'2024-05-17 13:55:51.234628','2024-05-17 14:24:26.134499','테스트 2','2024-05-17 14:24:22.636821','FILE',2,246),(249,'2024-05-17 13:57:09.674766','2024-05-17 14:24:26.134499','2024-05-17','2024-05-17 14:24:22.636821','FILE',2,246),(251,'2024-05-17 14:01:07.160920',NULL,'임시','2024-05-19 21:31:51.791821','FILE',8,256),(252,'2024-05-17 14:09:44.250122','2024-05-19 23:32:49.837280','파일 5','2024-05-17 17:56:29.703616','FILE',1,204),(253,'2024-05-17 14:12:22.548829',NULL,'파일 6','2024-05-17 17:56:28.649625','FILE',1,204),(254,'2024-05-17 14:14:47.479628','2024-05-20 00:22:28.286691','2024-05-17','2024-05-17 14:14:51.077339','FILE',1,204),(256,'2024-05-17 14:24:44.537699',NULL,'새 폴더','2024-05-19 21:31:51.791821','FOLDER',8,47),(257,'2024-05-17 14:26:26.999686','2024-05-18 15:57:09.825881','2024-05-17','2024-05-18 15:56:54.163196','FILE',2,2),(258,'2024-05-17 14:29:31.658773','2024-05-18 15:57:13.331805','테스트1','2024-05-18 15:56:56.116568','FILE',2,2),(259,'2024-05-17 14:49:31.626455','2024-05-18 15:57:16.428489','테스트2','2024-05-18 15:56:57.134407','FILE',2,2),(260,'2024-05-17 14:52:26.845067','2024-05-18 15:57:19.042978','테스트3','2024-05-18 15:56:58.048596','FILE',2,2),(261,'2024-05-17 14:53:53.998470','2024-05-18 15:57:21.665147','테스트4','2024-05-18 15:56:58.975712','FILE',2,2),(262,'2024-05-17 15:08:57.080263','2024-05-19 23:32:51.807662','파일 7','2024-05-17 17:56:27.507684','FILE',1,204),(263,'2024-05-17 15:28:25.564495','2024-05-18 15:57:24.157750','테스트5','2024-05-18 15:57:00.212553','FILE',2,2),(264,'2024-05-17 17:56:38.676050',NULL,'파일 1','2024-05-17 17:56:42.032731','FOLDER',1,204),(265,'2024-05-17 17:56:45.113518',NULL,'파일 1',NULL,'FILE',1,204),(266,'2024-05-18 00:19:03.648916',NULL,'Kim Jenkins님의 정리공간',NULL,'FOLDER',12,NULL),(267,'2024-05-18 15:22:38.855345',NULL,'ㅎㅎㅎㅎ','2024-05-19 21:24:32.897668','FILE',7,232),(268,'2024-05-18 17:53:35.429662','2024-05-19 18:20:32.923233','프로젝트 1','2024-05-19 18:20:13.289686','FOLDER',2,2),(269,'2024-05-18 17:53:42.992216','2024-05-19 18:20:32.923233','2024-04-19','2024-05-19 18:20:13.289686','FILE',2,268),(270,'2024-05-18 17:53:46.381385','2024-05-19 18:21:03.620755','프로젝트 2','2024-05-19 18:20:12.411766','FOLDER',2,2),(271,'2024-05-18 17:53:52.917100','2024-05-19 18:21:03.620755','2024-05-01','2024-05-19 18:20:12.411766','FILE',2,270),(272,'2024-05-18 17:53:54.548214','2024-05-19 18:21:06.357757','프로젝트 3','2024-05-19 18:20:11.034595','FOLDER',2,2),(273,'2024-05-18 17:53:59.864591','2024-05-19 18:21:06.357757','파일 수정','2024-05-19 18:20:11.034595','FILE',2,272),(274,'2024-05-18 17:54:13.057172','2024-05-19 18:20:32.923233','2024-04-20','2024-05-19 18:20:13.289686','FILE',2,268),(275,'2024-05-18 17:54:19.051680','2024-05-19 18:20:32.923233','2024-04-21','2024-05-19 18:20:13.289686','FILE',2,268),(276,'2024-05-18 17:54:26.320108','2024-05-19 18:21:03.620755','2024-05-02','2024-05-19 18:20:12.411766','FILE',2,270),(277,'2024-05-18 17:54:40.852049','2024-05-19 18:21:06.357757','2024-05-08','2024-05-19 18:20:11.034595','FILE',2,272),(278,'2024-05-18 18:59:13.331580',NULL,'Md Ridoy Ahamed님의 정리공간',NULL,'FOLDER',13,NULL),(279,'2024-05-18 20:20:54.178576',NULL,'2024-05-18','2024-05-19 21:24:32.897668','FILE',7,232),(280,'2024-05-18 22:59:27.260061',NULL,'오우','2024-05-19 21:31:47.685330','FOLDER',8,47),(281,'2024-05-18 22:59:32.415368',NULL,'아아ㅏ','2024-05-19 21:31:47.685330','FILE',8,280),(282,'2024-05-19 13:37:06.014710',NULL,'테스트','2024-05-19 21:24:32.897668','FILE',7,232),(283,'2024-05-19 13:55:50.000396','2024-05-19 18:21:06.357757','새파일','2024-05-19 18:20:11.034595','FILE',2,272),(284,'2024-05-19 13:56:37.589035',NULL,'2024-05-19','2024-05-19 21:31:48.715873','FILE',8,47),(285,'2024-05-19 13:56:39.870957',NULL,'2024-05-19','2024-05-19 21:31:50.185658','FILE',8,47),(286,'2024-05-19 14:14:30.096997','2024-05-19 18:21:08.663862','파일파일','2024-05-19 18:20:01.663919','FILE',2,2),(287,'2024-05-19 14:26:49.737472','2024-05-19 18:21:11.081447','테스트 테스트','2024-05-19 18:20:03.050368','FILE',2,2),(288,'2024-05-19 14:41:05.568398','2024-05-19 18:21:13.979038','테스트22','2024-05-19 18:20:04.101046','FILE',2,2),(289,'2024-05-19 15:22:16.302726','2024-05-19 17:21:14.746913','쭈이','2024-05-19 15:41:20.740602','FILE',2,2),(290,'2024-05-19 15:34:07.192662','2024-05-19 18:21:16.404372','테스투','2024-05-19 18:20:05.086706','FILE',2,2),(291,'2024-05-19 15:42:02.162905','2024-05-19 18:21:19.065836','프로젝트4','2024-05-19 18:20:10.110291','FOLDER',2,2),(292,'2024-05-19 15:42:57.574709','2024-05-19 18:21:19.065836','2024-05-19','2024-05-19 18:20:10.110291','FILE',2,291),(293,'2024-05-19 15:46:34.426651',NULL,'새 폴더','2024-05-19 21:24:33.955442','FOLDER',7,16),(294,'2024-05-19 17:17:07.642326','2024-05-19 17:21:21.773263','크롬 테스트','2024-05-19 17:21:19.002614','FILE',2,291),(295,'2024-05-19 17:41:11.986102','2024-05-19 18:21:19.065836','크롬테스트','2024-05-19 18:20:10.110291','FILE',2,291),(296,'2024-05-19 18:19:44.661323','2024-05-19 18:21:19.065836','메인 테스트','2024-05-19 18:20:10.110291','FILE',2,291),(297,'2024-05-19 18:26:33.229948',NULL,'자율 프로젝트',NULL,'FOLDER',2,297),(298,'2024-05-19 18:26:41.411213','2024-05-19 19:26:55.306192','2024-05-19','2024-05-19 19:15:40.471473','FILE',2,297),(299,'2024-05-19 19:15:59.735787','2024-05-19 19:26:58.199961','개발 일지 1','2024-05-19 19:24:28.374501','FILE',2,297),(300,'2024-05-19 19:24:40.296637','2024-05-19 19:27:00.436355','2024-05-17','2024-05-19 19:26:41.607817','FILE',2,297),(301,'2024-05-19 19:26:50.672071','2024-05-19 20:03:30.085839','2024-05-16','2024-05-19 19:35:28.198332','FILE',2,297),(302,'2024-05-19 19:34:18.612389','2024-05-19 20:03:33.187960','2024-05-17','2024-05-19 19:35:29.547891','FILE',2,297),(303,'2024-05-19 19:35:38.272934','2024-05-19 20:03:35.581790','2024-05-17','2024-05-19 19:39:44.840322','FILE',2,297),(304,'2024-05-19 19:39:47.425014','2024-05-19 20:03:37.835140','2024-05-17','2024-05-19 19:40:56.508858','FILE',2,297),(305,'2024-05-19 19:41:07.582183','2024-05-19 20:03:40.960024','2024-05-17','2024-05-19 19:53:29.550128','FILE',2,297),(306,'2024-05-19 19:49:05.813697','2024-05-19 20:03:43.318463','2024-05-18','2024-05-19 19:53:28.132861','FILE',2,297),(307,'2024-05-19 19:54:53.263754','2024-05-19 20:03:46.529677','2024-05-18','2024-05-19 19:56:19.856602','FILE',2,297),(308,'2024-05-19 19:56:30.810381','2024-05-19 20:03:48.836407','2024-05-18','2024-05-19 20:00:47.211171','FILE',2,297),(309,'2024-05-19 20:00:53.203236','2024-05-19 20:03:51.005350','2024-05-18','2024-05-19 20:03:24.132265','FILE',2,297),(310,'2024-05-19 20:03:59.955967','2024-05-19 20:19:47.229923','2024-05-18','2024-05-19 20:08:24.386469','FILE',2,297),(311,'2024-05-19 20:08:28.185755','2024-05-19 20:19:50.251258','2024-05-18','2024-05-19 20:19:38.033075','FILE',2,297),(312,'2024-05-19 20:16:59.503249','2024-05-19 20:19:53.189879','2024-05-19','2024-05-19 20:19:39.543626','FILE',2,297),(313,'2024-05-19 20:19:56.474048',NULL,'테스트',NULL,'FILE',2,297),(314,'2024-05-19 20:22:35.347961','2024-05-19 22:49:56.342603','자율 프로젝트','2024-05-19 22:49:53.903947','FOLDER',2,2),(315,'2024-05-19 20:22:43.623864','2024-05-19 22:49:56.342603','2024-05-18','2024-05-19 22:49:53.903947','FILE',2,314),(316,'2024-05-19 21:31:55.348104',NULL,'vodle 프로젝트',NULL,'FOLDER',8,47),(317,'2024-05-19 21:32:17.077823',NULL,'tingle 프로젝트',NULL,'FOLDER',8,47),(318,'2024-05-19 21:32:22.549961',NULL,'ododoc 프로젝트',NULL,'FOLDER',8,47),(319,'2024-05-19 21:32:46.877215',NULL,'extension개발',NULL,'FILE',8,317),(320,'2024-05-19 21:46:45.666733',NULL,'새 폴더','2024-05-19 21:46:47.711688','FOLDER',8,47),(321,'2024-05-19 21:50:26.472533',NULL,'new파일',NULL,'FILE',8,318),(322,'2024-05-19 22:14:24.469064',NULL,'알고리즘',NULL,'FOLDER',7,16),(323,'2024-05-19 22:14:35.458166',NULL,'N과 M',NULL,'FILE',7,322),(324,'2024-05-19 22:21:49.422585','2024-05-19 22:49:59.127415','토이 프로젝트','2024-05-19 22:49:52.608248','FOLDER',2,2),(325,'2024-05-19 22:24:26.883683','2024-05-19 22:49:59.127415','2024-05-19','2024-05-19 22:47:53.404312','FILE',2,324),(326,'2024-05-19 22:47:57.477708','2024-05-19 22:49:59.127415','2024-05-19','2024-05-19 22:49:51.337404','FILE',2,324),(327,'2024-05-19 22:50:02.891650',NULL,'새 폴더',NULL,'FOLDER',2,327),(328,'2024-05-19 22:50:21.286093',NULL,'자율 프로젝트',NULL,'FOLDER',2,328),(329,'2024-05-19 22:50:35.736195',NULL,'디렉토리',NULL,'FOLDER',2,2),(330,'2024-05-19 22:51:57.217960',NULL,'개발일지 2024-05-19','2024-05-19 23:26:38.555982','FILE',2,329),(331,'2024-05-19 23:07:22.331819',NULL,'새 폴더',NULL,'FOLDER',2,331),(332,'2024-05-19 23:07:49.921139',NULL,'개발일지 2','2024-05-19 23:26:37.260141','FILE',2,329),(333,'2024-05-19 23:15:45.666069',NULL,'새 폴더',NULL,'FOLDER',6,6),(334,'2024-05-19 23:18:21.655284',NULL,'2024-05-19222','2024-05-19 23:26:35.057529','FILE',2,329),(335,'2024-05-19 23:19:58.700603',NULL,'2024-05-1944','2024-05-19 23:26:33.121138','FILE',2,329),(336,'2024-05-19 23:20:35.262179',NULL,'테스트','2024-05-19 23:40:10.421642','FILE',7,322),(337,'2024-05-19 23:32:30.011707',NULL,'새 폴더',NULL,'FOLDER',6,6),(338,'2024-05-19 23:33:52.625498',NULL,'2024-05-19',NULL,'FILE',2,329),(339,'2024-05-19 23:43:51.788364',NULL,'2024-05-192',NULL,'FILE',2,329),(340,'2024-05-19 23:45:07.233085',NULL,'프로젝트',NULL,'FOLDER',7,16),(341,'2024-05-19 23:45:16.270353',NULL,'2024-05-19',NULL,'FILE',7,340),(342,'2024-05-19 23:51:21.830687',NULL,'234234',NULL,'FILE',2,329),(343,'2024-05-19 23:59:41.381431',NULL,'2024-05-19234234',NULL,'FILE',2,329),(344,'2024-05-20 00:09:24.422664',NULL,'2024-05-20324234',NULL,'FILE',2,329),(345,'2024-05-20 00:14:53.754250',NULL,'2024-05-20234234',NULL,'FILE',2,329),(346,'2024-05-20 00:22:57.465896',NULL,'폴더 만들어보고','2024-05-20 00:23:00.262101','FOLDER',1,222),(347,'2024-05-20 00:28:31.902501',NULL,'2024-05-201231231231',NULL,'FILE',2,329),(348,'2024-05-20 01:25:20.604595',NULL,'새 폴더',NULL,'FOLDER',2,329),(349,'2024-05-20 01:25:22.546079',NULL,'2024-05-20',NULL,'FILE',2,348);
/*!40000 ALTER TABLE `directory` ENABLE KEYS */;
UNLOCK TABLES;

--
-- Table structure for table `directory_closure`
--

DROP TABLE IF EXISTS `directory_closure`;
/*!40101 SET @saved_cs_client     = @@character_set_client */;
/*!50503 SET character_set_client = utf8mb4 */;
CREATE TABLE `directory_closure` (
  `ancestor_id` bigint NOT NULL,
  `descendant_id` bigint NOT NULL,
  `depth` int DEFAULT '0',
  PRIMARY KEY (`ancestor_id`,`descendant_id`),
  KEY `FK20d3vkkbdrqc105rqo4p8yhyg` (`descendant_id`),
  CONSTRAINT `FK1ow3rfjtb1hp55j2xgkbs1akl` FOREIGN KEY (`ancestor_id`) REFERENCES `directory` (`id`),
  CONSTRAINT `FK20d3vkkbdrqc105rqo4p8yhyg` FOREIGN KEY (`descendant_id`) REFERENCES `directory` (`id`)
) ENGINE=InnoDB DEFAULT CHARSET=utf8mb4 COLLATE=utf8mb4_0900_ai_ci;
/*!40101 SET character_set_client = @saved_cs_client */;

--
-- Dumping data for table `directory_closure`
--

LOCK TABLES `directory_closure` WRITE;
/*!40000 ALTER TABLE `directory_closure` DISABLE KEYS */;
INSERT INTO `directory_closure` VALUES (1,1,0),(1,10,2),(1,11,2),(1,12,1),(1,29,3),(1,84,2),(1,93,2),(1,95,2),(1,99,2),(1,101,2),(1,102,2),(1,104,2),(1,105,2),(1,117,2),(1,119,2),(1,152,2),(1,189,2),(1,192,2),(1,199,2),(1,200,2),(1,204,1),(1,207,2),(1,208,1),(1,211,2),(1,212,2),(1,213,2),(1,222,2),(1,223,1),(1,224,2),(1,225,2),(1,226,2),(1,227,2),(1,241,2),(1,253,2),(1,264,2),(1,265,2),(1,346,2),(2,2,0),(2,297,2),(2,313,2),(2,327,2),(2,328,2),(2,329,1),(2,330,2),(2,331,2),(2,332,2),(2,334,2),(2,335,2),(2,338,2),(2,339,2),(2,342,2),(2,343,2),(2,344,2),(2,345,2),(2,347,2),(2,348,2),(2,349,3),(3,3,0),(4,4,0),(5,5,0),(5,7,1),(5,14,1),(5,15,1),(5,59,1),(5,138,1),(6,6,0),(6,48,1),(6,49,1),(6,50,2),(6,51,1),(6,52,1),(6,61,2),(6,146,2),(6,147,2),(6,148,2),(6,149,2),(6,154,2),(6,155,1),(6,333,1),(6,337,1),(7,7,0),(10,10,1),(10,84,1),(10,189,1),(11,11,1),(11,192,1),(11,199,1),(12,12,0),(12,29,2),(12,152,1),(12,200,1),(14,14,0),(15,15,0),(16,16,0),(16,125,1),(16,126,2),(16,127,2),(16,216,2),(16,217,2),(16,218,1),(16,219,2),(16,220,2),(16,221,2),(16,228,1),(16,232,1),(16,233,2),(16,235,2),(16,243,2),(16,267,2),(16,279,2),(16,282,2),(16,293,1),(16,322,1),(16,323,2),(16,336,2),(16,340,1),(16,341,2),(29,29,1),(47,47,0),(47,74,1),(47,83,1),(47,122,2),(47,123,1),(47,124,2),(47,128,2),(47,133,1),(47,137,1),(47,139,1),(47,140,1),(47,141,3),(47,142,2),(47,143,3),(47,144,2),(47,145,3),(47,197,1),(47,198,2),(47,201,2),(47,251,2),(47,256,1),(47,280,1),(47,281,2),(47,284,0),(47,285,0),(47,316,1),(47,317,1),(47,318,1),(47,319,2),(47,320,1),(47,321,2),(48,48,0),(48,50,1),(48,146,1),(48,148,1),(48,149,1),(49,49,0),(49,147,1),(50,50,0),(50,148,1),(50,149,1),(51,51,0),(52,52,0),(59,59,0),(61,61,1),(67,67,0),(74,74,0),(74,144,1),(83,83,0),(83,141,2),(83,142,1),(83,143,2),(83,145,2),(84,84,0),(93,93,1),(93,95,1),(93,119,1),(95,95,0),(99,99,0),(101,99,1),(101,101,1),(101,102,1),(101,104,1),(101,105,1),(101,117,1),(102,99,1),(102,102,0),(102,104,1),(102,105,2),(102,117,2),(104,104,0),(104,105,1),(104,117,1),(105,105,0),(117,117,0),(119,119,0),(122,122,1),(122,128,1),(123,123,0),(123,124,1),(124,124,0),(125,125,0),(125,126,1),(125,127,1),(125,217,1),(125,219,1),(125,220,1),(125,221,1),(126,126,0),(127,127,0),(128,128,0),(133,133,0),(137,137,0),(138,138,0),(139,139,0),(140,140,0),(141,141,0),(142,141,1),(142,142,0),(142,143,1),(142,145,1),(143,143,0),(144,144,0),(145,141,1),(145,145,0),(146,146,0),(147,147,0),(148,148,0),(149,149,0),(152,152,0),(154,154,1),(155,155,0),(189,189,0),(192,192,0),(195,195,0),(196,196,0),(197,197,0),(197,198,1),(197,201,1),(198,198,0),(199,199,0),(200,200,0),(201,201,0),(204,204,0),(204,207,1),(204,222,1),(204,241,1),(204,253,1),(204,264,1),(204,265,1),(204,346,1),(207,207,0),(208,208,0),(208,211,1),(208,212,1),(211,211,0),(212,212,0),(213,213,1),(213,226,1),(213,227,1),(216,216,0),(217,217,0),(218,216,1),(218,218,0),(218,243,1),(219,219,0),(220,220,0),(221,221,0),(222,222,0),(222,241,1),(222,346,1),(223,223,0),(223,224,1),(223,225,1),(224,224,0),(225,225,0),(226,226,0),(227,227,0),(228,228,0),(232,232,0),(232,233,1),(232,235,1),(232,267,1),(232,279,1),(232,282,1),(233,233,0),(235,235,0),(241,241,0),(243,243,0),(251,251,0),(253,253,0),(256,251,1),(256,256,0),(264,264,0),(265,265,0),(266,266,0),(267,267,0),(278,278,0),(279,279,0),(280,280,0),(280,281,1),(281,281,0),(282,282,0),(284,284,0),(285,285,0),(293,293,0),(297,297,1),(297,313,1),(313,313,0),(316,316,0),(317,317,0),(317,319,1),(318,318,0),(318,321,1),(319,319,0),(320,320,0),(321,321,0),(322,322,0),(322,323,1),(322,336,1),(323,323,0),(327,327,1),(328,328,1),(329,329,0),(329,330,1),(329,332,1),(329,334,1),(329,335,1),(329,338,1),(329,339,1),(329,342,1),(329,343,1),(329,344,1),(329,345,1),(329,347,1),(329,348,1),(329,349,2),(330,330,0),(331,331,1),(332,332,0),(333,333,0),(334,334,0),(335,335,0),(336,336,0),(337,337,0),(338,338,0),(339,339,0),(340,340,0),(340,341,1),(341,341,0),(342,342,0),(343,343,0),(344,344,0),(345,345,0),(346,346,0),(347,347,0),(348,348,0),(348,349,1),(349,349,0);
/*!40000 ALTER TABLE `directory_closure` ENABLE KEYS */;
UNLOCK TABLES;

--
-- Table structure for table `member`
--

DROP TABLE IF EXISTS `member`;
/*!40101 SET @saved_cs_client     = @@character_set_client */;
/*!50503 SET character_set_client = utf8mb4 */;
CREATE TABLE `member` (
  `id` int NOT NULL AUTO_INCREMENT,
  `created_time` datetime(6) DEFAULT NULL,
  `build_count` bigint DEFAULT '0',
  `code` varchar(200) NOT NULL,
  `error_count` bigint DEFAULT '0',
  `nickname` varchar(100) NOT NULL,
  `provider` enum('GOOGLE','KAKAO','NAVER') NOT NULL,
  `search_count` bigint DEFAULT '0',
  `visit_count` bigint DEFAULT '0',
  PRIMARY KEY (`id`)
) ENGINE=InnoDB AUTO_INCREMENT=14 DEFAULT CHARSET=utf8mb4 COLLATE=utf8mb4_0900_ai_ci;
/*!40101 SET character_set_client = @saved_cs_client */;

--
-- Dumping data for table `member`
--

LOCK TABLES `member` WRITE;
/*!40000 ALTER TABLE `member` DISABLE KEYS */;
INSERT INTO `member` VALUES (1,'2024-05-08 16:20:24.134298',39,'3463575347',6,'이주미','KAKAO',0,0),(2,'2024-05-08 16:21:50.520716',124,'3449714270',60,'준희','KAKAO',5,23),(3,'2024-05-08 16:22:30.282170',0,'JBDOja1nfwKMAas017rTluTshRYj76S4QkQmW--v_iU',0,'99','NAVER',0,0),(4,'2024-05-08 16:24:57.347233',0,'117015407382850333161',0,'구미_2반_이준희','GOOGLE',0,0),(5,'2024-05-08 16:31:26.429531',20,'3450180654',1,'김주이','KAKAO',2,15),(6,'2024-05-08 17:04:10.094934',1240,'3460051581',349,'윤정영','KAKAO',72,792),(7,'2024-05-09 16:53:31.037525',1276,'3463662151',355,'현재','KAKAO',67,789),(8,'2024-05-10 15:49:35.520989',35,'3462491898',21,'황찬준','KAKAO',3,8),(9,'2024-05-10 22:53:32.461561',0,'103841711837987474416',0,'황찬준','GOOGLE',0,0),(10,'2024-05-17 01:09:36.809244',0,'bmh3-qnjVeZQuq6P2xqx8tMMLNZJdmFGY4fmt-zO7NQ',0,'윤정영','NAVER',0,0),(11,'2024-05-17 01:13:07.228141',0,'104219284500233690019',0,'윤정영','GOOGLE',0,0),(12,'2024-05-18 00:19:03.621285',0,'100729906197346462858',0,'Kim Jenkins','GOOGLE',0,0),(13,'2024-05-18 18:59:13.310942',0,'110672451406213699931',0,'Md Ridoy Ahamed','GOOGLE',0,0);
/*!40000 ALTER TABLE `member` ENABLE KEYS */;
UNLOCK TABLES;

--
-- Table structure for table `member_roles`
--

DROP TABLE IF EXISTS `member_roles`;
/*!40101 SET @saved_cs_client     = @@character_set_client */;
/*!50503 SET character_set_client = utf8mb4 */;
CREATE TABLE `member_roles` (
  `member_id` int NOT NULL,
  `roles` enum('USER') DEFAULT NULL,
  KEY `FK_member_roles_member` (`member_id`),
  CONSTRAINT `FK_member_roles_member` FOREIGN KEY (`member_id`) REFERENCES `member` (`id`) ON DELETE CASCADE
) ENGINE=InnoDB DEFAULT CHARSET=utf8mb4 COLLATE=utf8mb4_0900_ai_ci;
/*!40101 SET character_set_client = @saved_cs_client */;

--
-- Dumping data for table `member_roles`
--

LOCK TABLES `member_roles` WRITE;
/*!40000 ALTER TABLE `member_roles` DISABLE KEYS */;
INSERT INTO `member_roles` VALUES (1,'USER'),(2,'USER'),(3,'USER'),(4,'USER'),(5,'USER'),(6,'USER'),(7,'USER'),(8,'USER'),(9,'USER'),(10,'USER'),(11,'USER'),(12,'USER'),(13,'USER');
/*!40000 ALTER TABLE `member_roles` ENABLE KEYS */;
UNLOCK TABLES;

--
-- Table structure for table `test`
--

DROP TABLE IF EXISTS `test`;
/*!40101 SET @saved_cs_client     = @@character_set_client */;
/*!50503 SET character_set_client = utf8mb4 */;
CREATE TABLE `test` (
  `id` bigint NOT NULL AUTO_INCREMENT,
  `address` varchar(255) DEFAULT NULL,
  `name` varchar(255) DEFAULT NULL,
  PRIMARY KEY (`id`)
) ENGINE=InnoDB DEFAULT CHARSET=utf8mb4 COLLATE=utf8mb4_0900_ai_ci;
/*!40101 SET character_set_client = @saved_cs_client */;

--
-- Dumping data for table `test`
--

LOCK TABLES `test` WRITE;
/*!40000 ALTER TABLE `test` DISABLE KEYS */;
/*!40000 ALTER TABLE `test` ENABLE KEYS */;
UNLOCK TABLES;
/*!40103 SET TIME_ZONE=@OLD_TIME_ZONE */;

/*!40101 SET SQL_MODE=@OLD_SQL_MODE */;
/*!40014 SET FOREIGN_KEY_CHECKS=@OLD_FOREIGN_KEY_CHECKS */;
/*!40014 SET UNIQUE_CHECKS=@OLD_UNIQUE_CHECKS */;
/*!40101 SET CHARACTER_SET_CLIENT=@OLD_CHARACTER_SET_CLIENT */;
/*!40101 SET CHARACTER_SET_RESULTS=@OLD_CHARACTER_SET_RESULTS */;
/*!40101 SET COLLATION_CONNECTION=@OLD_COLLATION_CONNECTION */;
/*!40111 SET SQL_NOTES=@OLD_SQL_NOTES */;

-- Dump completed on 2024-05-20  1:33:45
